S.No,Information,True_or_False,Domain,Account_Name,Likes,Post_Followers,Total_Followers,Forwarded_Count,Country,Category
1,Breaking: Potts Group announces seize integrated experiences,0,Instagram,nrussell,38258,260178,645167,3772,Germany,Products
2,Breaking: Arnold and Sons announces utilize impactful networks,0,Twitter,samantha57,37294,88498,900159,3444,Russia,Natural Disasters
3,Under least notice same.,1,Facebook,kimberlyweaver,869,322879,719315,2433,Mexico,Factories
4,Start detail any wish what line clearly.,1,Facebook,hrobbins,28793,466148,259795,2904,USA,Sports
5,Breaking: Moran-Walsh announces iterate front-end synergies,0,WhatsApp,langdennis,31651,379360,274538,3556,Brazil,Products
6,Breaking: Herrera Inc announces morph best-of-breed interfaces,0,Twitter,bradforddavid,21877,142699,271936,2363,China,Politics
7,Breaking: Woodward-Perez announces brand interactive users,0,Facebook,johnsonjonathan,2712,253801,649531,1478,Russia,Natural Disasters
8,Breaking: Schultz Ltd announces leverage impactful e-markets,0,Facebook,sotogregory,36020,486283,461337,3943,Russia,Politics
9,Breaking: Bond and Gaines and Donovan announces seize compelling convergence,0,Facebook,bryanbrown,13517,316139,172829,1500,Canada,Politics
10,Contain decide public lay seat player.,1,Facebook,anthony30,37165,224165,624587,4911,Canada,Natural Disasters
11,However appear consumer.,1,WhatsApp,kayla47,1116,484005,580879,337,Canada,Factories
12,From model huge force end modern Republican.,1,Instagram,vgarcia,21343,433315,927075,492,USA,Health
13,Breaking: Nolan Ltd announces re-contextualize one-to-one portals,0,Instagram,melissamoss,2127,134767,649663,391,Brazil,Sports
14,Whether nothing whatever road current.,1,Instagram,ggarcia,3661,289998,851937,3099,Canada,Other
15,Far off laugh include capital management.,1,Facebook,hernandezrobert,23699,390622,822654,3645,Mexico,Factories
16,Building hit pay town.,1,WhatsApp,jacqueline48,11065,25538,895498,2690,USA,Factories
17,At help quite structure describe treatment money.,1,Twitter,megan59,45553,91982,646914,4488,Canada,Sports
18,Breaking: Abbott and Sons announces embrace 24/365 web services,0,Twitter,qwebb,41623,186340,111687,1757,Germany,Products
19,Mother college become rest show card.,1,Twitter,brianjones,33927,450036,325767,1722,Brazil,Laws
20,Capital sort ever kitchen goal several.,1,Facebook,laurahull,42657,443296,110556,2693,Russia,Companies
21,Draw run last coach race person remember.,1,Twitter,ashleyedwards,18147,289249,76766,3302,China,Health
22,Breaking: Townsend-Walker announces optimize ubiquitous infrastructures,0,Twitter,kirstenbrown,6876,93787,128948,1282,Canada,Laws
23,Get sister region hand box alone discuss.,1,Instagram,davidphillips,3848,229576,538833,4779,Mexico,Laws
24,Breaking: Casey-Anderson announces streamline visionary e-tailers,0,WhatsApp,griffinchelsea,3404,119451,448600,1853,USA,Companies
25,Breaking: Williams and Anderson and Shannon announces incentivize plug-and-play e-commerce,0,Twitter,xprince,44517,483690,417880,1636,USA,Natural Disasters
26,Breaking: Leach-Green announces evolve end-to-end infrastructures,0,Instagram,hwilliams,28773,497257,638147,854,Germany,Health
27,Likely federal decision by analysis note.,1,Facebook,gibbsbrandon,21656,314003,126657,1733,Mexico,Products
28,Get turn item single space manage this.,1,Twitter,chrismueller,44315,382050,931192,766,China,Natural Disasters
29,Breaking: Gill-Nelson announces repurpose next-generation synergies,0,Facebook,lindseyderek,297,90045,559986,3582,Mexico,Health
30,Breaking: Willis and Atkins and Garcia announces mesh plug-and-play architectures,0,Twitter,julieherrera,44457,52663,16708,1794,Russia,Companies
31,Breaking: Hunter and Johns and Robinson announces revolutionize efficient metrics,0,Twitter,marcusscott,30306,238714,143483,2911,Canada,Companies
32,Reflect then just herself.,1,WhatsApp,ellen99,5859,220686,888121,2919,USA,Other
33,Breaking: Nguyen and Hamilton and Gutierrez announces maximize B2B convergence,0,Twitter,melissa23,22018,86981,979217,262,Russia,Other
34,Director price any per try long.,1,Instagram,arthurwallace,2149,163688,366871,3723,Germany,Factories
35,Dog federal defense region go.,1,Twitter,colebobby,43116,270544,381002,1682,Mexico,Sports
36,Interview try piece.,1,Facebook,kristina17,12283,423515,669234,1648,Mexico,Companies
37,Building cause management later.,1,WhatsApp,grant95,48454,389207,658917,98,USA,Politics
38,Breaking: Jackson and Carrillo and Bennett announces expedite visionary experiences,0,Facebook,mnichols,12069,3869,782474,3791,Germany,Other
39,Breaking: Morris LLC announces architect integrated systems,0,WhatsApp,mariadennis,23428,354556,481047,3987,Mexico,Natural Disasters
40,Find change north box type right.,1,Instagram,astanley,4835,307208,257687,4555,Brazil,Sports
41,Tree step win man between smile surface carry.,1,Facebook,omiles,6993,117381,474125,3436,Brazil,Laws
42,These nor coach despite back study.,1,Twitter,chandlerkaren,49477,442620,841477,959,USA,Factories
43,Breaking: Scott-Perez announces iterate B2B info-mediaries,0,WhatsApp,davidmartin,45814,451051,628234,3120,Mexico,Health
44,Administration perhaps walk.,1,Facebook,elizabeth88,43584,83989,299356,2565,Brazil,Other
45,Head actually raise low as across popular.,1,Instagram,yadams,31316,132373,439452,606,Brazil,Health
46,Breaking: Cox Group announces enhance collaborative experiences,0,Instagram,cwarren,35843,269246,706696,3327,Brazil,Politics
47,Need last mission parent on administration thank.,1,Twitter,hodgerachel,23193,460321,366890,1895,China,Natural Disasters
48,Breaking: Rivera Ltd announces innovate granular networks,0,Twitter,robinsondebra,11193,19070,823209,154,India,Politics
49,Breaking: Perez and Booth and Boyer announces revolutionize clicks-and-mortar channels,0,WhatsApp,ryanmeadows,40964,106864,394002,4341,Mexico,Products
50,Breaking: Farrell and Ryan and Wallace announces target efficient schemas,0,Twitter,petersandrew,49789,236362,445209,2455,Germany,Products
51,While interesting door teach reduce wide agree.,1,Instagram,ujohnson,2468,78575,269799,4495,China,Sports
52,Breaking: Walker and Gonzales and Alvarez announces empower plug-and-play vortals,0,WhatsApp,masonmadeline,32197,472873,667326,1982,China,Sports
53,Breaking: Bell-Mclaughlin announces deliver robust eyeballs,0,Twitter,cburnett,22777,56609,228897,1715,India,Laws
54,Breaking: Clayton-Townsend announces monetize plug-and-play communities,0,Twitter,garciajennifer,2591,486988,114632,3124,Russia,Factories
55,Breaking: Powell-Dean announces scale granular ROI,0,Facebook,ambergilmore,976,190407,450395,4142,Brazil,Products
56,Breaking: Davis and Chan and Bishop announces whiteboard front-end synergies,0,WhatsApp,samuelberg,29040,234841,804451,1693,Brazil,Health
57,Breaking: Chapman and Robertson and Walker announces deploy intuitive markets,0,Twitter,qolson,28351,104481,375710,1369,Germany,Factories
58,Breaking: Marquez-Hill announces envisioneer distributed niches,0,Twitter,kelly75,24044,101235,75740,1664,India,Health
59,Breaking: Dalton-Wise announces integrate customized platforms,0,WhatsApp,christopher48,7905,6237,21056,4583,Germany,Factories
60,Remember serious prepare energy rock.,1,Instagram,fsmith,29475,141734,542252,2294,Brazil,Sports
61,Grow stop management.,1,Instagram,hlivingston,28032,455605,10435,3118,USA,Companies
62,Breaking: Clark LLC announces innovate real-time action-items,0,WhatsApp,nicholas08,43325,253377,691607,4646,Russia,Health
63,Breaking: Barber Ltd announces optimize customized systems,0,Instagram,samuelroy,26746,367329,548337,2849,Russia,Sports
64,Girl across boy feel perhaps life police.,1,Instagram,chadknox,42075,10540,541652,4611,Mexico,Natural Disasters
65,Concern serve care throw assume.,1,Facebook,darren65,29268,50115,354151,3546,Russia,Natural Disasters
66,Tv major too others interview my lay.,1,Twitter,chall,35295,354824,5000,2738,Brazil,Factories
67,Between join leader already manage tonight push effort.,1,Instagram,manderson,38404,332593,608274,4380,Germany,Politics
68,Breaking: Haney-Holloway announces aggregate efficient technologies,0,Facebook,rodriguezteresa,34950,28350,618296,4185,Mexico,Politics
69,Breaking: Cohen-Patton announces deliver robust vortals,0,Twitter,srocha,3367,83745,877020,1516,Brazil,Natural Disasters
70,Beyond look protect rich safe speech while.,1,Instagram,barbara26,23648,224992,517771,3465,Germany,Other
71,Receive success realize check part.,1,Twitter,mwagner,48916,346186,86999,1571,India,Health
72,Night pretty create about list scene.,1,WhatsApp,stokeschristy,23290,401573,426695,4132,Russia,Health
73,Meeting pay sport stay.,1,Twitter,david84,47420,331594,415568,3952,China,Companies
74,Alone nothing note especially marriage baby.,1,Facebook,johnhernandez,798,40954,179352,395,Germany,Other
75,Manager get technology hospital.,1,Instagram,hingram,35370,60163,476853,2782,Mexico,Companies
76,Arm section Mr plant.,1,Twitter,littlebrian,8435,350044,651308,4491,USA,Companies
77,At knowledge section not practice nothing threat.,1,WhatsApp,kyle08,1267,290336,788494,2156,Germany,Products
78,Today shake without not mother reality his.,1,Facebook,xmiller,9448,417930,39102,732,Brazil,Politics
79,Fast story rich operation.,1,Instagram,nathanbranch,23725,214945,232915,3324,China,Products
80,Breaking: Clark-Stewart announces unleash leading-edge ROI,0,WhatsApp,harmonandrew,39181,194928,356249,2681,India,Factories
81,Front rest still father vote.,1,Facebook,ywilliams,27062,29295,14807,1388,USA,Laws
82,Management of yes much miss three magazine everything.,1,Twitter,vgarcia,40362,169152,395540,1155,Russia,Laws
83,Plan car analysis serious.,1,Twitter,mpitts,6688,249683,235677,2214,Brazil,Sports
84,Breaking: Griffin-Lynn announces embrace wireless portals,0,Twitter,erodriguez,20752,5748,743129,1243,China,Companies
85,Breaking: Wilson and Petersen and Becker announces implement value-added info-mediaries,0,Instagram,mayocarolyn,25570,174416,306062,3072,Brazil,Other
86,Breaking: Navarro and Maxwell and Ferguson announces strategize turn-key relationships,0,Instagram,audrey66,24060,296735,214920,133,India,Factories
87,Breaking: Love and Price and Anderson announces enable one-to-one partnerships,0,Instagram,coreybrown,11103,284876,260747,1250,Brazil,Companies
88,Breaking: Wheeler-Sanford announces deliver ubiquitous networks,0,Twitter,juan37,17740,53528,825845,3486,USA,Factories
89,House during school common raise again.,1,Twitter,vvaughn,19187,173502,156576,1353,Mexico,Natural Disasters
90,Breaking: Thomas Ltd announces morph front-end web-readiness,0,WhatsApp,malonechristopher,767,382300,161775,1145,Russia,Companies
91,Breaking: Walter PLC announces redefine compelling ROI,0,Facebook,xedwards,40351,163993,296451,2779,Germany,Other
92,Breaking: Simmons-Reed announces matrix cutting-edge metrics,0,Twitter,karen08,47705,384934,893048,2508,Russia,Sports
93,Minute explain herself finally discussion often leave.,1,Facebook,christopherperry,49507,464556,576278,1944,India,Natural Disasters
94,Field some rule lawyer leg.,1,Twitter,jennifersanchez,29648,169964,526303,1824,China,Health
95,Breaking: Chambers and Sons announces architect distributed interfaces,0,Twitter,matthew21,47380,129778,587580,4158,USA,Laws
96,Need sport fact treatment line board plan.,1,Instagram,amanda39,46640,152456,805449,2152,Brazil,Health
97,Breaking: Barker-Campbell announces whiteboard clicks-and-mortar initiatives,0,Twitter,mooreallison,29289,275907,674744,2756,Canada,Factories
98,Level pay participant surface.,1,Instagram,ortizleslie,23674,286668,201244,2724,India,Sports
99,Breaking: Morgan and Li and Sanchez announces monetize killer technologies,0,Facebook,alexanderpayne,38865,429032,832538,4780,Germany,Companies
100,Breaking: Stanley and Bennett and Garcia announces benchmark cross-media content,0,Instagram,connerchelsea,45643,371463,93193,3419,Canada,Natural Disasters
