<?xml version="1.0" encoding="UTF-8" standalone="no" ?>
<PMML version="4.2" xmlns="http://www.dmg.org/PMML-4_2" xmlns:xsi="http://www.w3.org/2001/XMLSchema-instance">
  <Header copyright="(C) Copyright IBM Corp. 1994, 2015">
    <Application name="IBM SPSS Modeler" version="18"/>
</Header>
  <DataDictionary numberOfFields="6">
    <DataField dataType="string" name="Country" optype="categorical">
      <Extension extender="spss" name="storageType" value="string"/>
      <Value property="valid" value="Brazil"/>
      <Value property="valid" value="Canada"/>
      <Value property="valid" value="China"/>
      <Value property="valid" value="Germany"/>
      <Value property="valid" value="India"/>
      <Value property="valid" value="Mexico"/>
      <Value property="valid" value="Russia"/>
      <Value property="valid" value="USA"/>
</DataField>
    <DataField dataType="integer" name="Forwarded_Count" optype="continuous">
      <Extension extender="spss" name="storageType" value="numeric"/>
</DataField>
    <DataField dataType="integer" name="Likes" optype="continuous">
      <Extension extender="spss" name="storageType" value="numeric"/>
</DataField>
    <DataField dataType="integer" name="Total_Followers" optype="continuous">
      <Extension extender="spss" name="storageType" value="numeric"/>
</DataField>
    <DataField dataType="integer" name="Post_Followers" optype="continuous">
      <Extension extender="spss" name="storageType" value="numeric"/>
</DataField>
    <DataField dataType="integer" name="True_or_False" optype="categorical">
      <Extension extender="spss" name="storageType" value="numeric"/>
      <Value property="valid" value="0"/>
      <Value property="valid" value="1"/>
</DataField>
</DataDictionary>
  <TreeModel algorithmName="C5" functionName="classification" missingValueStrategy="weightedConfidence" modelName="True_or_False">
    <Extension extender="spss" name="missingValueStrategy" value="weightedConfidence"/>
    <MiningSchema>
      <MiningField importance="0.274131" name="Country" usageType="active"/>
      <MiningField importance="0.164559" name="Forwarded_Count" usageType="active"/>
      <MiningField importance="0.163436" name="Likes" usageType="active"/>
      <MiningField importance="0.172772" name="Total_Followers" usageType="active"/>
      <MiningField importance="0.225102" name="Post_Followers" usageType="active"/>
      <MiningField name="True_or_False" usageType="predicted"/>
</MiningSchema>
    <Node defaultChild="12" id="0" recordCount="69" score="0">
      <Extension extender="spss" name="defaultChild" value="3"/>
      <True/>
      <ScoreDistribution confidence="0.5072463768115942" recordCount="35" value="0"/>
      <ScoreDistribution confidence="0.4927536231884058" recordCount="34" value="1"/>
      <Node defaultChild="2" id="1" recordCount="10" score="1">
        <Extension extender="spss" name="defaultChild" value="0"/>
        <SimplePredicate field="Country" operator="equal" value="Brazil"/>
        <ScoreDistribution confidence="0.3" recordCount="3" value="0"/>
        <ScoreDistribution confidence="0.7" recordCount="7" value="1"/>
        <Node id="2" recordCount="5" score="1">
          <SimplePredicate field="Forwarded_Count" operator="lessOrEqual" value="2779"/>
          <ScoreDistribution confidence="0.0" recordCount="0" value="0"/>
          <ScoreDistribution confidence="1.0" recordCount="5" value="1"/>
</Node>
        <Node defaultChild="4" id="3" recordCount="5" score="0">
          <Extension extender="spss" name="defaultChild" value="0"/>
          <SimplePredicate field="Forwarded_Count" operator="greaterThan" value="2779"/>
          <ScoreDistribution confidence="0.6" recordCount="3" value="0"/>
          <ScoreDistribution confidence="0.4" recordCount="2" value="1"/>
          <Node id="4" recordCount="3" score="1">
            <SimplePredicate field="Likes" operator="lessOrEqual" value="13517"/>
            <ScoreDistribution confidence="0.3333333333333333" recordCount="1" value="0"/>
            <ScoreDistribution confidence="0.6666666666666666" recordCount="2" value="1"/>
</Node>
          <Node id="5" recordCount="2" score="0">
            <SimplePredicate field="Likes" operator="greaterThan" value="13517"/>
            <ScoreDistribution confidence="1.0" recordCount="2" value="0"/>
            <ScoreDistribution confidence="0.0" recordCount="0" value="1"/>
</Node>
</Node>
</Node>
      <Node defaultChild="8" id="6" recordCount="7" score="1">
        <Extension extender="spss" name="defaultChild" value="1"/>
        <SimplePredicate field="Country" operator="equal" value="Canada"/>
        <ScoreDistribution confidence="0.42857142857142855" recordCount="3" value="0"/>
        <ScoreDistribution confidence="0.5714285714285714" recordCount="4" value="1"/>
        <Node id="7" recordCount="2" score="0">
          <SimplePredicate field="Total_Followers" operator="lessOrEqual" value="375710"/>
          <ScoreDistribution confidence="1.0" recordCount="2" value="0"/>
          <ScoreDistribution confidence="0.0" recordCount="0" value="1"/>
</Node>
        <Node id="8" recordCount="5" score="1">
          <SimplePredicate field="Total_Followers" operator="greaterThan" value="375710"/>
          <ScoreDistribution confidence="0.2" recordCount="1" value="0"/>
          <ScoreDistribution confidence="0.8" recordCount="4" value="1"/>
</Node>
</Node>
      <Node defaultChild="11" id="9" recordCount="7" score="1">
        <Extension extender="spss" name="defaultChild" value="1"/>
        <SimplePredicate field="Country" operator="equal" value="China"/>
        <ScoreDistribution confidence="0.2857142857142857" recordCount="2" value="0"/>
        <ScoreDistribution confidence="0.7142857142857143" recordCount="5" value="1"/>
        <Node id="10" recordCount="3" score="0">
          <SimplePredicate field="Post_Followers" operator="lessOrEqual" value="152456"/>
          <ScoreDistribution confidence="0.6666666666666666" recordCount="2" value="0"/>
          <ScoreDistribution confidence="0.3333333333333333" recordCount="1" value="1"/>
</Node>
        <Node id="11" recordCount="4" score="1">
          <SimplePredicate field="Post_Followers" operator="greaterThan" value="152456"/>
          <ScoreDistribution confidence="0.0" recordCount="0" value="0"/>
          <ScoreDistribution confidence="1.0" recordCount="4" value="1"/>
</Node>
</Node>
      <Node defaultChild="14" id="12" recordCount="13" score="0">
        <Extension extender="spss" name="defaultChild" value="1"/>
        <SimplePredicate field="Country" operator="equal" value="Germany"/>
        <ScoreDistribution confidence="0.6923076923076923" recordCount="9" value="0"/>
        <ScoreDistribution confidence="0.3076923076923077" recordCount="4" value="1"/>
        <Node id="13" recordCount="2" score="1">
          <SimplePredicate field="Likes" operator="lessOrEqual" value="4835"/>
          <ScoreDistribution confidence="0.0" recordCount="0" value="0"/>
          <ScoreDistribution confidence="1.0" recordCount="2" value="1"/>
</Node>
        <Node id="14" recordCount="11" score="0">
          <SimplePredicate field="Likes" operator="greaterThan" value="4835"/>
          <ScoreDistribution confidence="0.8181818181818182" recordCount="9" value="0"/>
          <ScoreDistribution confidence="0.18181818181818182" recordCount="2" value="1"/>
</Node>
</Node>
      <Node id="15" recordCount="5" score="0">
        <SimplePredicate field="Country" operator="equal" value="India"/>
        <ScoreDistribution confidence="0.8" recordCount="4" value="0"/>
        <ScoreDistribution confidence="0.2" recordCount="1" value="1"/>
</Node>
      <Node defaultChild="17" id="16" recordCount="6" score="1">
        <Extension extender="spss" name="defaultChild" value="0"/>
        <SimplePredicate field="Country" operator="equal" value="Mexico"/>
        <ScoreDistribution confidence="0.3333333333333333" recordCount="2" value="0"/>
        <ScoreDistribution confidence="0.6666666666666666" recordCount="4" value="1"/>
        <Node id="17" recordCount="3" score="0">
          <SimplePredicate field="Post_Followers" operator="lessOrEqual" value="119451"/>
          <ScoreDistribution confidence="0.6666666666666666" recordCount="2" value="0"/>
          <ScoreDistribution confidence="0.3333333333333333" recordCount="1" value="1"/>
</Node>
        <Node id="18" recordCount="3" score="1">
          <SimplePredicate field="Post_Followers" operator="greaterThan" value="119451"/>
          <ScoreDistribution confidence="0.0" recordCount="0" value="0"/>
          <ScoreDistribution confidence="1.0" recordCount="3" value="1"/>
</Node>
</Node>
      <Node defaultChild="20" id="19" recordCount="13" score="0">
        <Extension extender="spss" name="defaultChild" value="0"/>
        <SimplePredicate field="Country" operator="equal" value="Russia"/>
        <ScoreDistribution confidence="0.6923076923076923" recordCount="9" value="0"/>
        <ScoreDistribution confidence="0.3076923076923077" recordCount="4" value="1"/>
        <Node defaultChild="21" id="20" recordCount="7" score="1">
          <Extension extender="spss" name="defaultChild" value="0"/>
          <SimplePredicate field="Total_Followers" operator="lessOrEqual" value="439452"/>
          <ScoreDistribution confidence="0.42857142857142855" recordCount="3" value="0"/>
          <ScoreDistribution confidence="0.5714285714285714" recordCount="4" value="1"/>
          <Node id="21" recordCount="4" score="0">
            <SimplePredicate field="Total_Followers" operator="lessOrEqual" value="257687"/>
            <ScoreDistribution confidence="0.75" recordCount="3" value="0"/>
            <ScoreDistribution confidence="0.25" recordCount="1" value="1"/>
</Node>
          <Node id="22" recordCount="3" score="1">
            <SimplePredicate field="Total_Followers" operator="greaterThan" value="257687"/>
            <ScoreDistribution confidence="0.0" recordCount="0" value="0"/>
            <ScoreDistribution confidence="1.0" recordCount="3" value="1"/>
</Node>
</Node>
        <Node id="23" recordCount="6" score="0">
          <SimplePredicate field="Total_Followers" operator="greaterThan" value="439452"/>
          <ScoreDistribution confidence="1.0" recordCount="6" value="0"/>
          <ScoreDistribution confidence="0.0" recordCount="0" value="1"/>
</Node>
</Node>
      <Node defaultChild="25" id="24" recordCount="8" score="1">
        <Extension extender="spss" name="defaultChild" value="0"/>
        <SimplePredicate field="Country" operator="equal" value="USA"/>
        <ScoreDistribution confidence="0.375" recordCount="3" value="0"/>
        <ScoreDistribution confidence="0.625" recordCount="5" value="1"/>
        <Node id="25" recordCount="4" score="1">
          <SimplePredicate field="Forwarded_Count" operator="lessOrEqual" value="1500"/>
          <ScoreDistribution confidence="0.0" recordCount="0" value="0"/>
          <ScoreDistribution confidence="1.0" recordCount="4" value="1"/>
</Node>
        <Node id="26" recordCount="4" score="0">
          <SimplePredicate field="Forwarded_Count" operator="greaterThan" value="1500"/>
          <ScoreDistribution confidence="0.75" recordCount="3" value="0"/>
          <ScoreDistribution confidence="0.25" recordCount="1" value="1"/>
</Node>
</Node>
</Node>
</TreeModel>
</PMML>
